Workbook

Sheet Summary
A1: No | B1: WO | C1: Work ID | D1: Unit Area | E1: Unit | F1: Type of Valve | G1: Manufacturer | H1: Valve Operated Type | I1: Serial No | J1: Tag Number (Valve No) | K1: Name Plate | L1: Date Recieved | M1: Service Type | N1: As received Report No | O1: Cert Report No | P1: Finding Report No | Q1: Service Report No | R1: Transport Mode | S1: Transport By | T1: Packaging | U1: Received By | V1: TRANSPORTATION (COMMENT) | W1: Inlet (Size) | X1: Outlet (Size) | Y1: Inlet (Type) | Z1: Outlet (Type) | AA1: Inlet (Rating) | AB1: Outlet (Rating) | AC1: Inlet Connection Condition | AD1: Outlet Connection Condition | AE1: Connection Major Damage | AF1: Valve Body Condition | AG1: Major Defect on Body | AH1: Overall Valve Condition
A2: 1 | B2: 81620162 | C2: AMSMV001 | D2: Ammonia | E2: 12 | F2: MOV | G2: SAMBO | H2: MOTOR OPERATED | J2: M237-12MOV-004 | K2: YES | L2: 45862 | M2: Gear Box Servicing & Valve Packing Replacement | N2: LENOG_PCFSSB_RR_001 | O2: LENOG_PCFSSB_CR_001 | P2: LENOG_PCFSSB_FR_001 | Q2: LENOG_PCFSSB_SR_001 | R2: LORRY | S2: TURCOMP | T2: WODDEN PALLET | U2: LENOG SDN BHD | V2: N/A | W2: 24" | X2: 24" | Y2: FLANGE | Z2: FLANGE | AA2: 150 | AB2: 150 | AC2: CORRODED | AD2: SLIGHTLY CORRODED | AE2: No | AF2: SCRACTHES | AG2: NO | AH2: ACCEPTABLE
A3: 2 | B3: 81620163 | C3: AMSMV002 | D3: Ammonia | E3: 14 | F3: MOV | G3: SAMBO | H3: MOTOR OPERATED | J3: M237-14MOV-001 | K3: YES | L3: 45863 | M3: Gear Box Servicing & Valve Packing Replacement | N3: LENOG_PCFSSB_RR_002 | O3: LENOG_PCFSSB_CR_002 | P3: LENOG_PCFSSB_FR_002 | Q3: LENOG_PCFSSB_SR_002 | R3: LORRY | S3: TURCOMP | T3: WODDEN PALLET | U3: LENOG SDN BHD | V3: HANDWHEEL DENTED DUE TO INPROPER SECURING | W3: 24 | X3: 24 | Y3: THREADED | Z3: THREADED | AA3: 300 | AB3: 300 | AC3: SLIGHTLY CORRODED | AD3: SEVERELY CORRODED | AE3: YES | AF3: SCRACTHES | AG3: YES | AH3: NOT ACCEPTABLE
A4: 3 | B4: 81620164 | C4: AMSMV003 | D4: Ammonia | E4: 14 | F4: MOV | G4: SAMBO | H4: MOTOR OPERATED | J4: M237-14MOV-002 | K4: YES | L4: 45864 | M4: Gear Box Servicing & Valve Packing Replacement | N4: LENOG_PCFSSB_RR_003 | O4: LENOG_PCFSSB_CR_003 | P4: LENOG_PCFSSB_FR_003 | Q4: LENOG_PCFSSB_SR_003 | W4: 20 | X4: 20 | AA4: 300 | AB4: 300
A5: 4 | B5: 81620165 | C5: AMSMV004 | D5: Ammonia | E5: 14 | F5: MOV | G5: SAMBO | H5: MOTOR OPERATED | J5: M237-14MOV-003 | M5: Gear Box Servicing & Valve Packing Replacement | N5: LENOG_PCFSSB_RR_004 | O5: LENOG_PCFSSB_CR_004 | P5: LENOG_PCFSSB_FR_004 | Q5: LENOG_PCFSSB_SR_004 | W5: 24 | X5: 24 | AA5: 300 | AB5: 300
A6: 5 | B6: 81620166 | C6: AMSMV005 | D6: Ammonia | E6: 14 | F6: MOV | G6: SAMBO | H6: MOTOR OPERATED | J6: M237-14MOV-004 | M6: Gear Box Servicing & Valve Packing Replacement | N6: LENOG_PCFSSB_RR_005 | O6: LENOG_PCFSSB_CR_005 | P6: LENOG_PCFSSB_FR_005 | Q6: LENOG_PCFSSB_SR_005 | W6: 28 | X6: 28 | AA6: 300 | AB6: 300
A7: 6 | B7: 81620167 | C7: AMSMV006 | D7: Ammonia | E7: 14 | F7: MOV | G7: SAMBO | H7: MOTOR OPERATED | J7: M237-14MOV-005 | M7: Gear Box Servicing & Valve Packing Replacement | N7: LENOG_PCFSSB_RR_006 | O7: LENOG_PCFSSB_CR_006 | P7: LENOG_PCFSSB_FR_006 | Q7: LENOG_PCFSSB_SR_006 | W7: 28 | X7: 28 | AA7: 300 | AB7: 300
A8: 7 | B8: 81620168 | C8: AMSMV007 | D8: Ammonia | E8: 15 | F8: MOV | G8: SAMBO | H8: MOTOR OPERATED | J8: M237-15MOV-011 | M8: Gear Box Servicing & Valve Packing Replacement | N8: LENOG_PCFSSB_RR_007 | O8: LENOG_PCFSSB_CR_007 | P8: LENOG_PCFSSB_FR_007 | Q8: LENOG_PCFSSB_SR_007 | W8: 24 | X8: 24 | AA8: 300 | AB8: 300
A9: 8 | B9: 81620169 | C9: AMSMV008 | D9: Ammonia | E9: 15 | F9: MOV | G9: DANAIS | H9: MOTOR OPERATED | J9: M237-15MOV-012A | M9: Gear Box Servicing & Valve Packing Replacement | N9: LENOG_PCFSSB_RR_008 | O9: LENOG_PCFSSB_CR_008 | P9: LENOG_PCFSSB_FR_008 | Q9: LENOG_PCFSSB_SR_008 | W9: 28 | X9: 28 | AA9: 150 | AB9: 150
A10: 9 | B10: 81620170 | C10: AMSMV009 | D10: Ammonia | E10: 15 | F10: MOV | G10: DANAIS | H10: MOTOR OPERATED | J10: M237-15MOV-012B | M10: Gear Box Servicing & Valve Packing Replacement | N10: LENOG_PCFSSB_RR_009 | O10: LENOG_PCFSSB_CR_009 | P10: LENOG_PCFSSB_FR_009 | Q10: LENOG_PCFSSB_SR_009 | W10: 28 | X10: 28 | AA10: 150 | AB10: 150
A11: 10 | B11: 81620171 | C11: AMSMV010 | D11: Ammonia | E11: 15 | F11: MOV | G11: DANAIS | H11: MOTOR OPERATED | J11: M237-15MOV-012C | M11: Gear Box Servicing & Valve Packing Replacement | N11: LENOG_PCFSSB_RR_010 | O11: LENOG_PCFSSB_CR_010 | P11: LENOG_PCFSSB_FR_010 | Q11: LENOG_PCFSSB_SR_010 | W11: 28 | X11: 28 | AA11: 150 | AB11: 150
A12: 11 | B12: 81620172 | C12: AMSMV011 | D12: Ammonia | E12: 16 | F12: MOV | G12: SAMBO | H12: MOTOR OPERATED | J12: M237-16MOV-002 | M12: Gear Box Servicing & Valve Packing Replacement | N12: LENOG_PCFSSB_RR_011 | O12: LENOG_PCFSSB_CR_011 | P12: LENOG_PCFSSB_FR_011 | Q12: LENOG_PCFSSB_SR_011 | W12: 20 | X12: 20 | AA12: 2500 | AB12: 2500
A13: 12 | B13: 81620174 | C13: AMSMV012 | D13: Ammonia | E13: 16 | F13: MOV | G13: SAMBO | H13: MOTOR OPERATED | J13: M237-16MOV-003 | M13: Gear Box Servicing & Valve Packing Replacement | N13: LENOG_PCFSSB_RR_012 | O13: LENOG_PCFSSB_CR_012 | P13: LENOG_PCFSSB_FR_012 | Q13: LENOG_PCFSSB_SR_012 | W13: 20 | X13: 20 | AA13: 600 | AB13: 600
A14: 13 | B14: 81620175 | C14: AMSMV013 | D14: Ammonia | E14: 17 | F14: MOV | G14: DANAIS | H14: MOTOR OPERATED | J14: M237-17MOV-002 | M14: Gear Box Servicing & Valve Packing Replacement | N14: LENOG_PCFSSB_RR_013 | O14: LENOG_PCFSSB_CR_013 | P14: LENOG_PCFSSB_FR_013 | Q14: LENOG_PCFSSB_SR_013 | W14: 24 | X14: 24 | AA14: 300 | AB14: 300
A15: 14 | B15: 81620176 | C15: AMSMV014 | D15: Ammonia | E15: 17 | F15: MOV | G15: SAMBO | H15: MOTOR OPERATED | J15: M237-17MOV-003 | M15: Gear Box Servicing & Valve Packing Replacement | N15: LENOG_PCFSSB_RR_014 | O15: LENOG_PCFSSB_CR_014 | P15: LENOG_PCFSSB_FR_014 | Q15: LENOG_PCFSSB_SR_014 | W15: 20 | X15: 20 | AA15: 300 | AB15: 300
A16: 15 | B16: 81620177 | C16: AMSMV015 | D16: Ammonia | E16: 19 | F16: MOV | G16: SAMBO | H16: MOTOR OPERATED | J16: M237-19MOV-001 | M16: Gear Box Servicing & Valve Packing Replacement | N16: LENOG_PCFSSB_RR_015 | O16: LENOG_PCFSSB_CR_015 | P16: LENOG_PCFSSB_FR_015 | Q16: LENOG_PCFSSB_SR_015 | W16: 16 | X16: 16 | AA16: 600 | AB16: 600
... A19: 18 | B19: 81620195 | C19: AMSMV018 | D19: Ammonia | E19: 53 | F19: MOV | G19: SAMBO | H19: MOTOR OPERATED | J19: M237-53MOV-111 | M19: Gear Box Servicing & Valve Packing Replacement | N19: LENOG_PCFSSB_RR_018 | O19: LENOG_PCFSSB_CR_018 | P19: LENOG_PCFSSB_FR_018 | Q19: LENOG_PCFSSB_SR_018 | W19: 20 | X19: 20 | AA19: 2500 | AB19: 2500
A20: 19 | B20: 81620180 | C20: URSMV001 | D20: Urea | E20: 32 | F20: MOV | G20: L&T/ ROTORK | H20: MOTOR OPERATED | J20: M237-32MOV-005A | M20: Gear Box Servicing & Valve Packing Replacement | N20: LENOG_PCFSSB_RR_019 | O20: LENOG_PCFSSB_CR_019 | P20: LENOG_PCFSSB_FR_019 | Q20: LENOG_PCFSSB_SR_019 | W20: 8 | X20: 8 | AA20: N/A | AB20: N/A
A21: 20 | B21: 81620181 | C21: URSMV002 | D21: Urea | E21: 32 | F21: MOV | G21: L&T/ ROTORK | H21: MOTOR OPERATED | J21: M237-32MOV-005B | M21: Gear Box Servicing & Valve Packing Replacement | N21: LENOG_PCFSSB_RR_020 | O21: LENOG_PCFSSB_CR_020 | P21: LENOG_PCFSSB_FR_020 | Q21: LENOG_PCFSSB_SR_020 | W21: 8 | X21: 8 | AA21: N/A | AB21: N/A
A22: 21 | B22: 81620182 | C22: URSMV003 | D22: Urea | E22: 32 | F22: MOV | G22: PARCOL | H22: MOTOR OPERATED | J22: M237-32MOV-007A | M22: Gear Box Servicing & Valve Packing Replacement | N22: LENOG_PCFSSB_RR_021 | O22: LENOG_PCFSSB_CR_021 | P22: LENOG_PCFSSB_FR_021 | Q22: LENOG_PCFSSB_SR_021 | W22: 8 | X22: 8 | AA22: N/A | AB22: N/A
A23: 22 | B23: 81620183 | C23: URSMV004 | D23: Urea | E23: 32 | F23: MOV | G23: PARCOL | H23: MOTOR OPERATED | J23: M237-32MOV-007B | M23: Gear Box Servicing & Valve Packing Replacement | N23: LENOG_PCFSSB_RR_022 | O23: LENOG_PCFSSB_CR_022 | P23: LENOG_PCFSSB_FR_022 | Q23: LENOG_PCFSSB_SR_022 | W23: 8 | X23: 8 | AA23: N/A | AB23: N/A
A24: 23 | B24: 81620184 | C24: URSMV005 | D24: Urea | E24: 32 | F24: MOV | G24: L&T/ ROTORK | H24: MOTOR OPERATED | J24: M237-32MOV-008 | M24: Gear Box Servicing & Valve Packing Replacement | W24: 2 | X24: 2 | AA24: N/A | AB24: N/A
A25: 24 | B25: 81620186 | C25: URSMV007 | D25: Urea | E25: 33 | F25: MOV | G25: PARCOL | H25: MOTOR OPERATED | J25: M237-33MOV-002 | M25: Gear Box Servicing & Valve Packing Replacement | W25: 8 | X25: 8 | AA25: N/A | AB25: N/A
A26: 25 | B26: 81620187 | C26: URSMV008 | D26: Urea | E26: 33 | F26: MOV | G26: PARCOL | H26: MOTOR OPERATED | J26: M237-33MOV-003 | M26: Gear Box Servicing & Valve Packing Replacement | W26: 8 | X26: 8 | AA26: N/A | AB26: N/A
A27: 26 | B27: 81620188 | C27: URSMV009 | D27: Urea | E27: 33 | F27: MOV | G27: PARCOL | H27: MOTOR OPERATED | J27: M237-33MOV-004 | M27: Gear Box Servicing & Valve Packing Replacement | W27: 8 | X27: 8 | AA27: N/A | AB27: N/A
A28: 27 | B28: 81620189 | C28: UTSMV001 | D28: Utility | E28: 48 | F28: MOV | G28: MACCHI/ AUMA | H28: MOTOR OPERATED | J28: M237-48MOV-751 | M28: Gear Box Servicing & Valve Packing Replacement | W28: 8 | X28: 8 | AA28: 600 | AB28: 600
A29: 28 | B29: 81620190 | C29: UTSMV002 | D29: Utility | E29: 48 | F29: MOV | G29: MACCHI/ AUMA | H29: MOTOR OPERATED | J29: M237-48MOV-851 | M29: Gear Box Servicing & Valve Packing Replacement | W29: 8 | X29: 8 | AA29: 600 | AB29: 600
A30: 29 | B30: 81620191 | C30: UTSMV003 | D30: Utility | E30: 48 | F30: MOV | G30: MACCHI/ AUMA | H30: MOTOR OPERATED | J30: M237-48MOV-951 | M30: Gear Box Servicing & Valve Packing Replacement | W30: 8 | X30: 8 | AA30: 600 | AB30: 600
A31: 30 | B31: 81620192 | C31: UTSMV004 | D31: Utility | E31: 52 | F31: MOV | G31: AUDCO INDIA/ SAMBO INDIA | H31: MOTOR OPERATED | J31: M237-52MOV-001A | M31: Gear Box Servicing & Valve Packing Replacement | W31: 10 | X31: 10 | AA31: 1500 | AB31: 1500
A32: 31 | B32: 81620193 | C32: UTSMV005 | D32: Utility | E32: 52 | F32: MOV | G32: AUDCO INDIA/ SAMBO INDIA | H32: MOTOR OPERATED | J32: M237-52MOV-001B | M32: Gear Box Servicing & Valve Packing Replacement | W32: 10 | X32: 10 | AA32: 1500 | AB32: 1500
A33: 32 | B33: 81620194 | C33: UTSMV006 | D33: Utility | E33: 52 | F33: MOV | G33: AUDCO INDIA/ SAMBO INDIA | H33: MOTOR OPERATED | J33: M237-52MOV-001C | M33: Gear Box Servicing & Valve Packing Replacement | W33: 10 | X33: 10 | AA33: 1500 | AB33: 1500
A34: 33 | B34: 81620196 | C34: UTSMV007 | D34: Utility | E34: 53 | F34: MOV | G34: MACCHI/ AUMA | H34: MOTOR OPERATED | J34: M237-53MOV-451 | M34: Gear Box Servicing & Valve Packing Replacement | W34: 10 | X34: 10 | AA34: 2500 | AB34: 2500
A35: 34 | B35: 81620197 | C35: UTSMV008 | D35: Utility | E35: 53 | F35: MOV | G35: MACCHI/ AUMA | H35: MOTOR OPERATED | J35: M237-53MOV-452 | M35: Gear Box Servicing & Valve Packing Replacement | W35: 2 | X35: 2 | AA35: 2500 | AB35: 2500
A36: 35 | B36: 81620198 | C36: UTSMV009 | D36: Utility | E36: 53 | F36: MOV | G36: MACCHI/ AUMA | H36: MOTOR OPERATED | J36: M237-53MOV-453 | M36: Gear Box Servicing & Valve Packing Replacement | W36: 6 | X36: 6 | AA36: 2500 | AB36: 2500
A37: 36 | B37: 81620200 | C37: UTSMV011 | D37: Utility | E37: 53 | F37: MOV | G37: MACCHI/ AUMA | H37: MOTOR OPERATED | J37: M237-53MOV-551 | M37: Gear Box Servicing & Valve Packing Replacement | W37: 10 | X37: 10 | AA37: 2500 | AB37: 2500
A38: 37 | B38: 81620202 | C38: UTSMV012 | D38: Utility | E38: 53 | F38: MOV | G38: MACCHI/ AUMA | H38: MOTOR OPERATED | J38: M237-53MOV-552 | M38: Gear Box Servicing & Valve Packing Replacement | W38: 2 | X38: 2 | AA38: 2500 | AB38: 2500
A39: 38 | B39: 81620203 | C39: UTSMV013 | D39: Utility | E39: 53 | F39: MOV | G39: MACCHI/ AUMA | H39: MOTOR OPERATED | J39: M237-53MOV-553 | M39: Gear Box Servicing & Valve Packing Replacement | W39: 6 | X39: 6 | AA39: 2500 | AB39: 2500
... A47: 46 | B47: 81620212 | C47: UTSMV022 | D47: Utility | E47: 55 | F47: MOV | G47: ISORIA | H47: MOTOR OPERATED | J47: M237-55MOV-001C | M47: Gear Box Servicing & Valve Packing Replacement | W47: 24 | X47: 24 | AA47: 150 | AB47: 150
A48: 47 | B48: 81753184 | C48: AMSAV001 | D48: Ammonia | E48: 15 | F48: ARV | G48: SCHROEDAHL | J48: M237-ARV-1501A | M48: Valve Overhaul at Workshop | N48: LENOG_PCFSSB_RR_001 | O48: LENOG_PCFSSB_CR_001 | P48: LENOG_PCFSSB_FR_001 | Q48: LENOG_PCFSSB_SR_001 | W48: 6x6x3 | X48: 6x6x3 | AA48: 600 | AB48: 600
A49: 48 | B49: 81753185 | C49: AMSAV002 | D49: Ammonia | E49: 15 | F49: ARV | G49: SCHROEDAHL | J49: M237-ARV-1501B | M49: Valve Overhaul at Workshop | N49: LENOG_PCFSSB_RR_002 | O49: LENOG_PCFSSB_CR_001 | P49: LENOG_PCFSSB_FR_001 | Q49: LENOG_PCFSSB_SR_001 | W49: 6x6x3 | X49: 6x6x3 | AA49: 600 | AB49: 600
A50: 49 | B50: 81753186 | C50: URSAV001 | D50: Urea | E50: 34 | F50: ARV | G50: SCHROEDAHL | J50: M237-ARV-3401A | M50: Valve Overhaul at Workshop | N50: LENOG_PCFSSB_RR_002 | O50: LENOG_PCFSSB_CR_001 | P50: LENOG_PCFSSB_FR_001 | Q50: LENOG_PCFSSB_SR_001 | W50: 6x3 | X50: 6x3 | AA50: 300x300 | AB50: 300x300
A51: 50 | B51: 81753187 | C51: URSAV002 | D51: Urea | E51: 34 | F51: ARV | G51: SCHROEDAHL | J51: M237-ARV-3401B | M51: Valve Overhaul at Workshop | N51: LENOG_PCFSSB_RR_002 | O51: LENOG_PCFSSB_CR_001 | P51: LENOG_PCFSSB_FR_001 | Q51: LENOG_PCFSSB_SR_001 | W51: 6x3 | X51: 6x3 | AA51: 300x300 | AB51: 300x300
A52: 51 | B52: 81753188 | C52: URSAV003 | D52: Urea | E52: 37 | F52: ARV | G52: SCHROEDAHL | J52: M237-ARV-3701A | M52: Valve Overhaul at Workshop | N52: LENOG_PCFSSB_RR_002 | O52: LENOG_PCFSSB_CR_001 | P52: LENOG_PCFSSB_FR_001 | Q52: LENOG_PCFSSB_SR_001 | W52: 2x3 | X52: 2x3 | AA52: 600x600 | AB52: 600x600
A53: 52 | B53: 81753189 | C53: URSAV008 | D53: Urea | E53: 37 | F53: ARV | G53: SCHROEDAHL | J53: M237-ARV-3701B | M53: Valve Overhaul at Workshop | N53: LENOG_PCFSSB_RR_002 | O53: LENOG_PCFSSB_CR_001 | P53: LENOG_PCFSSB_FR_001 | Q53: LENOG_PCFSSB_SR_001 | W53: 2x3 | X53: 2x3 | AA53: 600x600 | AB53: 600x600
A54: 53 | B54: 81753190 | C54: URSAV004 | D54: Urea | E54: 37 | F54: ARV | G54: SCHROEDAHL | J54: M237-ARV-3703A | M54: Valve Overhaul at Workshop | N54: LENOG_PCFSSB_RR_002 | O54: LENOG_PCFSSB_CR_001 | P54: LENOG_PCFSSB_FR_001 | Q54: LENOG_PCFSSB_SR_001 | W54: 3x1.1/2 | X54: 3x1.1/2 | AA54: 300x300 | AB54: 300x300
A55: 54 | B55: 81753191 | C55: URSAV005 | D55: Urea | E55: 37 | F55: ARV | G55: SCHROEDAHL | J55: M237-ARV-3703B | M55: Valve Overhaul at Workshop | N55: LENOG_PCFSSB_RR_002 | O55: LENOG_PCFSSB_CR_001 | P55: LENOG_PCFSSB_FR_001 | Q55: LENOG_PCFSSB_SR_001 | W55: 3x1.1/2 | X55: 3x1.1/2 | AA55: 300x300 | AB55: 300x300
A56: 55 | B56: 81753192 | C56: URSAV006 | D56: Urea | E56: 37 | F56: ARV | G56: SCHROEDAHL | J56: M237-ARV-3713A | M56: Valve Overhaul at Workshop | N56: LENOG_PCFSSB_RR_002 | O56: LENOG_PCFSSB_CR_001 | P56: LENOG_PCFSSB_FR_001 | Q56: LENOG_PCFSSB_SR_001 | W56: 4x2 | X56: 4x2 | AA56: 150x150 | AB56: 150x150
A57: 56 | B57: 81753193 | C57: URSAV007 | D57: Urea | E57: 37 | F57: ARV | G57: SCHROEDAHL | J57: M237-ARV-3713B | M57: Valve Overhaul at Workshop | N57: LENOG_PCFSSB_RR_002 | O57: LENOG_PCFSSB_CR_001 | P57: LENOG_PCFSSB_FR_001 | Q57: LENOG_PCFSSB_SR_001 | W57: 4x2 | X57: 4x2 | AA57: 150x150 | AB57: 150x150
A58: 57 | B58: 81753196 | C58: UTSAV001 | D58: Utility | E58: 51 | F58: ARV | G58: SCHROEDAHL | J58: M237-ARV-5113A | M58: Valve Overhaul at Workshop | N58: LENOG_PCFSSB_RR_002 | O58: LENOG_PCFSSB_CR_001 | P58: LENOG_PCFSSB_FR_001 | Q58: LENOG_PCFSSB_SR_001 | W58: 8x4 | X58: 8x4 | AA58: 150 | AB58: 150
A59: 58 | B59: 81753197 | C59: UTSAV002 | D59: Utility | E59: 51 | F59: ARV | G59: SCHROEDAHL | J59: M237-ARV-5113B | M59: Valve Overhaul at Workshop | N59: LENOG_PCFSSB_RR_002 | O59: LENOG_PCFSSB_CR_001 | P59: LENOG_PCFSSB_FR_001 | Q59: LENOG_PCFSSB_SR_001 | W59: 8x4 | X59: 8x4 | AA59: 150 | AB59: 150
A60: 59 | B60: 81753198 | C60: UTSAV003 | D60: Utility | E60: 51 | F60: ARV | G60: SCHROEDAHL | J60: M237-ARV-5113C | M60: Valve Overhaul at Workshop | N60: LENOG_PCFSSB_RR_002 | O60: LENOG_PCFSSB_CR_001 | P60: LENOG_PCFSSB_FR_001 | Q60: LENOG_PCFSSB_SR_001 | W60: 8x4 | X60: 8x4 | AA60: 150 | AB60: 150
A61: 60 | B61: 81753194 | C61: UTSAV004 | D61: Utility | E61: 52 | F61: ARV | G61: SCHROEDAHL | J61: M237-ARV-5211A | M61: Valve Overhaul at Workshop | N61: LENOG_PCFSSB_RR_002 | O61: LENOG_PCFSSB_CR_001 | P61: LENOG_PCFSSB_FR_001 | Q61: LENOG_PCFSSB_SR_001 | W61: 6x2 | X61: 6x2 | AA61: 600 | AB61: 600
A62: 61 | B62: 81753195 | C62: UTSAV005 | D62: Utility | E62: 52 | F62: ARV | G62: SCHROEDAHL | J62: M237-ARV-5211B | M62: Valve Overhaul at Workshop | N62: LENOG_PCFSSB_RR_002 | O62: LENOG_PCFSSB_CR_001 | P62: LENOG_PCFSSB_FR_001 | Q62: LENOG_PCFSSB_SR_001 | W62: 6x2 | X62: 6x2 | AA62: 600 | AB62: 600
A63: 62 | B63: 81768258 | C63: TA25AWR056 | D63: Ammonia | E63: Unit 18 | F63: GATE VALVE | G63: PK VALVE | J63: M237-8GTV-1801 | M63: Valve Packing Replacement | W63: 8 | X63: 8 | AA63: 1500 | AB63: 1500
A64: 63 | B64: 81768259 | C64: TA25AWR056 | D64: Ammonia | E64: Unit 18 | F64: GATE VALVE | G64: PK VALVE | J64: M237-4GTV-1801 | M64: Valve Packing Replacement | W64: 4 | X64: 4 | AA64: 300 | AB64: 300
A65: 64 | B65: 81768260 | C65: TA25AWR056 | D65: Ammonia | E65: Unit 18 | F65: GATE VALVE | G65: PK VALVE | J65: M237-4GTV-1802 | M65: Valve Packing Replacement | W65: 4 | X65: 4 | AA65: 300 | AB65: 300
A66: 65 | B66: 81768341 | C66: TA25AWR056 | D66: Ammonia | E66: Unit 18 | F66: GATE VALVE | G66: PK VALVE | J66: M237-4GTV-1803 | M66: Valve Packing Replacement | W66: 4 | X66: 4 | AA66: 300 | AB66: 300
A67: 66 | B67: 81768342 | C67: TA25AWR056 | D67: Ammonia | E67: Unit 18 | F67: GATE VALVE | G67: PK VALVE | J67: M237-6GTV-1801 | M67: Valve Packing Replacement | W67: 6 | X67: 6 | AA67: 300 | AB67: 300
A68: 67 | B68: 81768344 | C68: TA25AWR056 | D68: Ammonia | E68: Unit 19 | F68: GATE VALVE | G68: PK VALVE | J68: M237-14GTV-1901 | M68: Valve Packing Replacement | W68: 14 | X68: 14 | AA68: 300 | AB68: 300
A69: 68 | B69: 81768358 | C69: TA25AWR056 | D69: Ammonia | E69: Unit 19 | F69: GATE VALVE | G69: PK VALVE | J69: M237-12GTV-1901 | M69: Valve Packing Replacement | W69: 12 | X69: 12 | AA69: 300 | AB69: 300
A70: 69 | B70: 81753659 | C70: UTSMC035 | D70: Utility | E70: 51 | F70: GLOBE VALVE | G70: BFE | J70: M237-1GBV-5101A | M70: Valve Packing Replacement | W70: 1 | X70: 1 | AA70: 800 | AB70: 800
A71: 70 | B71: 81768359 | C71: TA25AWR056 | D71: Ammonia | E71: Unit 18 | F71: GATE VALVE | G71: PK VALVE | J71: M237-8GTV-1807 | M71: Valve Packing Replacement | W71: 8 | X71: 8 | AA71: 300 | AB71: 300
A72: 71 | B72: 81768360 | C72: TA25AWR056 | D72: Ammonia | E72: Unit 18 | F72: GATE VALVE | G72: PK VALVE | J72: M237-8GTV-1806 | M72: Valve Packing Replacement | W72: 8 | X72: 8 | AA72: 300 | AB72: 300
A73: 72 | B73: 81768421 | C73: TA25AWR056 | D73: Ammonia | E73: Unit 18 | F73: GLOBE VALVE | G73: PK VALVE | J73: M237-4GBV-1801 | M73: Valve Packing Replacement | W73: 4 | X73: 4 | AA73: 300 | AB73: 300
A74: 73 | B74: 81768422 | C74: TA25AWR056 | D74: Ammonia | E74: Unit 19 | F74: GATE VALVE | G74: PK VALVE | J74: M237-8GTV-1901 | M74: Valve Packing Replacement | W74: 8 | X74: 8 | AA74: 300 | AB74: 300
A75: 74 | B75: 81768423 | C75: TA25AWR056 | D75: Ammonia | E75: Unit 19 | F75: GATE VALVE | G75: PK VALVE | J75: M237-4GTV-1902 | M75: Valve Packing Replacement | W75: 4 | X75: 4 | AA75: 300 | AB75: 300
A76: 75 | B76: 81753660 | C76: UTSMC036 | D76: Utility | E76: 51 | F76: GLOBE VALVE | G76: BFE | J76: M237-1GBV-5101B | M76: Valve Packing Replacement | W76: 1 | X76: 1 | AA76: 800 | AB76: 800
A77: 76 | B77: 81768424 | C77: TA25AWR056 | D77: Ammonia | E77: Unit 19 | F77: GATE VALVE | G77: PK VALVE | J77: M237-4GTV-1901 | M77: Valve Packing Replacement | W77: 4 | X77: 4 | AA77: 300 | AB77: 300
A78: 77 | B78: 81754001 | C78: UTSMC037 | D78: Utility | E78: 51 | F78: GLOBE VALVE | G78: BFE | J78: M237-1GBV-5102B | M78: Valve Packing Replacement | W78: 1 | X78: 1 | AA78: 800 | AB78: 800
A79: 78 | B79: 81768426 | C79: TA25AWR056 | D79: Ammonia | E79: Unit 19 | F79: GATE VALVE | G79: PK VALVE | J79: M237-6GTV-1902 | M79: Valve Packing Replacement | W79: 6 | X79: 6 | AA79: 300 | AB79: 300
A80: 79 | B80: 81754002 | C80: UTSMC111 | D80: Utility | E80: 52 | F80: GLOBE VALVE | G80: LVF | J80: M237-6GBV-5201 | M80: Valve Packing Replacement | W80: 6 | X80: 6 | AA80: 1500 | AB80: 1500
A81: 80 | B81: 81768427 | C81: TA25AWR056 | D81: Ammonia | E81: Unit 19 | F81: GATE VALVE | G81: PK VALVE | J81: M237-4GTV-1905 | M81: Valve Packing Replacement | W81: 4 | X81: 4 | AA81: 300 | AB81: 300
A82: 81 | B82: 81754003 | C82: UTSMC038 | D82: Utility | E82: 52 | F82: GLOBE VALVE | G82: BFE | J82: M237-1GBV-5203A | M82: Valve Packing Replacement | W82: 1 | X82: 1 | AA82: 800 | AB82: 800
A83: 83 | B83: 81768429 | C83: TA25AWR056 | D83: Ammonia | E83: Unit 19 | F83: GATE VALVE | G83: PK VALVE | J83: M237-8GTV-1906 | M83: Valve Packing Replacement | W83: 8 | X83: 8 | AA83: 300 | AB83: 300
A84: 84 | B84: 81768430 | C84: TA25AWR056 | D84: Ammonia | E84: Unit 18 | F84: GATE VALVE | G84: PK VALVE | J84: M237-8GTV-1805 | M84: Valve Packing Replacement | W84: 8 | X84: 8 | AA84: 300 | AB84: 300
A85: 85 | B85: 81754004 | C85: UTSMC040 | D85: Utility | E85: 52 | F85: GLOBE VALVE | G85: BFE | J85: M237-1GBV-5204A | M85: Valve Packing Replacement | W85: 1 | X85: 1 | AA85: 800 | AB85: 800
A86: 86 | B86: 81768431 | C86: TA25AWR056 | D86: Ammonia | E86: Unit 18 | F86: GATE VALVE | G86: PK VALVE | J86: M237-12GTV-1801 | M86: Valve Packing Replacement | W86: 12 | X86: 12 | AA86: 300 | AB86: 300
A87: 87 | B87: 81768432 | C87: TA25AWR056 | D87: Ammonia | E87: Unit 18 | F87: GATE VALVE | G87: PK VALVE | J87: M237-8GTV-1804 | M87: Valve Packing Replacement | W87: 8 | X87: 8 | AA87: 1500 | AB87: 1500
A88: 88 | B88: 81768434 | C88: TA25AWR056 | D88: Ammonia | E88: Unit 19 | F88: GLOBE VALVE | G88: PK VALVE | J88: M237-4GBV-1902 | M88: Valve Packing Replacement | W88: 4 | X88: 4 | AA88: 300 | AB88: 300
A89: 89 | B89: 81768436 | C89: TA25AWR056 | D89: Ammonia | E89: Unit 19 | F89: GLOBE VALVE | G89: PK VALVE | J89: M237-4GBV-1901 | M89: Valve Packing Replacement | W89: 4 | X89: 4 | AA89: 300 | AB89: 300
A90: 90 | B90: 81768437 | C90: TA25AWR056 | D90: Ammonia | E90: Unit 19 | F90: GATE VALVE | G90: PK VALVE | J90: M237-4GTV-1903 | M90: Valve Packing Replacement | W90: 4 | X90: 4 | AA90: 300 | AB90: 300
A91: 91 | B91: 81768829 | C91: TA25AWR056 | D91: Ammonia | E91: Unit 19 | F91: GATE VALVE | G91: PK VALVE | J91: M237-8GTV-1903 | M91: Valve Packing Replacement | W91: 8 | X91: 8 | AA91: 300 | AB91: 300
A92: 92 | B92: 81768830 | C92: TA25AWR056 | D92: Ammonia | E92: Unit 19 | F92: GATE VALVE | G92: PK VALVE | J92: M237-6GTV-1905 | M92: Valve Packing Replacement | W92: 6 | X92: 6 | AA92: 300 | AB92: 300
A93: 93 | B93: 81768832 | C93: TA25AWR056 | D93: Ammonia | E93: Unit 19 | F93: GATE VALVE | G93: PK VALVE | J93: M237-8GTV-1910 | M93: Valve Packing Replacement | W93: 8 | X93: 8 | AA93: 300 | AB93: 300
A94: 94 | B94: 81768833 | C94: TA25AWR056 | D94: Ammonia | E94: Unit 19 | F94: GATE VALVE | G94: PK VALVE | J94: M237-8GTV-1909 | M94: Valve Packing Replacement | W94: 8 | X94: 8 | AA94: 600 | AB94: 600
A95: 95 | B95: 81768835 | C95: TA25AWR056 | D95: Ammonia | E95: Unit 19 | F95: GATE VALVE | G95: PK VALVE | J95: M237-6GTV-1904 | M95: Valve Packing Replacement | W95: 6 | X95: 6 | AA95: 300 | AB95: 300
A96: 96 | B96: 81768836 | C96: TA25AWR056 | D96: Ammonia | E96: Unit 19 | F96: GATE VALVE | G96: PK VALVE | J96: M237-6GTV-1903 | M96: Valve Packing Replacement | W96: 6 | X96: 6 | AA96: 300 | AB96: 300
A97: 97 | B97: 81768838 | C97: TA25AWR056 | D97: Ammonia | E97: Unit 19 | F97: GATE VALVE | G97: PK VALVE | J97: M237-6GTV-1908 | M97: Valve Packing Replacement | W97: 6 | X97: 6 | AA97: 300 | AB97: 300
A98: 98 | B98: 81768839 | C98: TA25AWR056 | D98: Ammonia | E98: Unit 19 | F98: GATE VALVE | G98: PK VALVE | J98: M237-6GTV-1907 | M98: Valve Packing Replacement | W98: 6 | X98: 6 | AA98: 300 | AB98: 300
A99: 99 | B99: 81754017 | C99: NPSMC008 | D99: W&D/Offsite/Jetty | F99: GLOBE VALVE | G99: PK VALVE | J99: M237-4GBV-6101 | M99: Valve Packing Replacement | W99: 4 | X99: 4 | AA99: 300 | AB99: 300
A100: 100 | B100: 81799434 | C100: NPSMC004 | D100: W&D/Offsite/Jetty | F100: GATE VALVE | G100: PK VALVE | J100: M237-6GTV-6101A | M100: Valve Packing Replacement | W100: 6 | X100: 6 | AA100: 150 | AB100: 150
A101: 101 | B101: 81799435 | C101: NPSMC005 | D101: W&D/Offsite/Jetty | F101: GATE VALVE | G101: PK VALVE | J101: M237-6GTV-6101B | M101: Valve Packing Replacement | W101: 6 | X101: 6 | AA101: 150 | AB101: 150
A102: 102 | B102: 81799436 | C102: NPSMC001 | D102: W&D/Offsite/Jetty | F102: GATE VALVE | G102: PK VALVE | J102: M237-14GTV-6101 | M102: Valve Packing Replacement | W102: 14 | X102: 14 | AA102: 300 | AB102: 300
A103: 103 | B103: 81799437 | C103: NPSMC007 | D103: W&D/Offsite/Jetty | F103: GATE VALVE | G103: PK VALVE | J103: M237-10GTV-6102 | M103: Valve Packing Replacement | W103: 10 | X103: 10 | AA103: 150 | AB103: 150
A104: 105 | B104: 81799441 | C104: NPSMC003 | D104: W&D/Offsite/Jetty | F104: GATE VALVE | G104: PK VALVE | J104: M237-10GTV-6101 | M104: Valve Packing Replacement | W104: 10 | X104: 10 | AA104: 150 | AB104: 150
A105: 106 | B105: 81799442 | C105: NPSMC006 | D105: W&D/Offsite/Jetty | F105: GATE VALVE | G105: PK VALVE | J105: M237-6GTV-6102 | M105: Valve Packing Replacement | W105: 6 | X105: 6 | AA105: 150 | AB105: 150
A106: 107 | B106: 81799074 | C106: URSMC016 | D106: Urea | E106: 32 | F106: ANGLE VALVE | G106: BHDT | J106: M237-8AV-3201A | M106: Valve Packing Replacement | W106: 8 | X106: 8 | AA106: 2500 | AB106: 2500
A107: 108 | B107: 81799075 | C107: URSMC017 | D107: Urea | E107: 32 | F107: ANGLE VALVE | G107: BHDT | J107: M237-8AV-3201B | M107: Valve Packing Replacement | W107: 8 | X107: 8 | AA107: 2500 | AB107: 2500
A108: 109 | B108: 81799076 | C108: URSMC018 | D108: Urea | E108: 32 | F108: ANGLE VALVE | G108: BHDT | J108: M237-6AV-3201A | M108: Valve Packing Replacement | W108: 6 | X108: 6 | AA108: 2500 | AB108: 2500
A109: 110 | B109: 81799077 | C109: URSMC019 | D109: Urea | E109: 32 | F109: ANGLE VALVE | G109: BHDT | J109: M237-6AV-3201B | M109: Valve Packing Replacement | W109: 6 | X109: 6 | AA109: 2500 | AB109: 2500
...

Sheet Received Report
D1: PROVISION FOR MECHANICAL VALVE IN SITU PACKING REPLACEMENT, MECHANICAL VALVE OVERHAULING, AUTOMATIC RECIRCULATORY VALVE (ARV) SERVICING, AND MOV’S GEARBOX SERVICING FOR PCFS TA2025 | T1: 1
T2: Please Fill In
A13: RECEIVED REPORT
A15: CLIENT | D15: PETRONAS CHEMICALS FERTILISER SABAH SDN BHD
A16: PROJECT | D16: VALVE MAINTENANCE/REPAIR | I16: DOC NO | M16: =VLOOKUP($T1,Summary!$A$2:$AH$376,13,0)
A17: LOCATION | D17: SIPITANG SABAH | I17: SIZE INLET | M17: =VLOOKUP($T$1,Summary!$A$2:$AH$376,22,0) | N17: RATING | O17: =VLOOKUP($T$1,Summary!$A$2:$AH$376,26,0) | P17: INLET TYPE | R17: =VLOOKUP($T$1,Summary!$A$2:$AH$376,24,0)
A18: DATE IN | D18: =VLOOKUP($T$1,Summary!$A$2:$AH$376,11,0) | I18: SIZE OUTLET | M18: =VLOOKUP($T$1,Summary!$A$2:$AH$376,23,0) | N18: RATING | O18: =VLOOKUP($T$1,Summary!$A$2:$AH$376,27,0) | P18: OUTLET TYPE | R18: =VLOOKUP($T$1,Summary!$A$2:$AH$376,25,0)
A19: WO | D19: =VLOOKUP($T$1,Summary!$A$2:$AH$376,2,0) | I19: MANUFACTURER | M19: =VLOOKUP($T$1,Summary!$A$2:$AH$376,6,0)
A20: TAG NO | D20: =VLOOKUP($T$1,Summary!$A$2:$AH$376,9,0) | I20: TYPE OF VALVE | M20: =VLOOKUP($T$1,Summary!$A$2:$AH$376,5,0)
I21: VALVE OPERATED TYPE | M21: =VLOOKUP($T$1,Summary!$A$2:$AH$376,7,0)
A22: INSITU TESTING | D22: 0 | E22: SERVICE & REPAIR | I22: 0 | J22: TESTING ONLY | O22: REPLACE NEW VALVE | S22: 0
A23: TRANSPORTATION DETAILS
A24: TRANSPORT MODE | D24: =VLOOKUP($T$1,Summary!$A$2:$AH$376,17,0) | I24: PACKAGING | M24: =VLOOKUP($T$1,Summary!$A$2:$AH$376,19,0)
A25: TRANSPORT BY | D25: =VLOOKUP($T$1,Summary!$A$2:$AH$376,18,0) | I25: RECEIVED BY | M25: =VLOOKUP($T$1,Summary!$A$2:$AH$376,20,0)
A26: COMMENT ON TRANSPORTATION IF ANY | G26: =VLOOKUP($T$1,Summary!$A$2:$AH$376,21,0)
A27: AS RECEIVED VALVE:
A42: AS RECEIVED VALVE CONDITION
A43: INLET CONNECTION TYPE | F43: =VLOOKUP($T$1,Summary!$A$2:$AH$376,24,0) | K43: OUTLET CONNECTION TYPE | P43: =VLOOKUP($T$1,Summary!$A$2:$AH$376,25,0)
A44: NAMEPLATE | F44: =VLOOKUP($T$1,Summary!$A$2:$AH$376,10,0) | K44: TAG NUMBER/PLATE | P44: =VLOOKUP($T$1,Summary!$A$2:$AH$376,9,0)
A45: INLET CONNECTION CONDITION | F45: =VLOOKUP($T$1,Summary!$A$2:$AH$376,28,0) | K45: OUTLET CONNECTION CONDITION | P45: =VLOOKUP($T$1,Summary!$A$2:$AH$376,29,0)
A46: CONNECTION MAJOR DEFECT/DAMAGE | F46: =VLOOKUP($T$1,Summary!$A$2:$AH$376,30,0)
A47: VALVE BODY CONDITION | F47: =VLOOKUP($T$1,Summary!$A$2:$AH$376,31,0) | K47: MAJOR DEFECT ON BODY | P47: =VLOOKUP($T$1,Summary!$A$2:$AH$376,32,0)
A48: OVERALL VALVE CONDITION
A49: =VLOOKUP($T$1,Summary!$A$2:$AH$376,33,0)
A53: DETAILS PICTURE
A54: INLET CONNECTION | K54: OUTLET CONNECTION
A55: DEFECT CONNECTION (IF ANY) | K55: DEFECT ON BODY (IF ANY) | P55: =Summary!AO5
A56: PREPARED BY | G56: CLIENT REPRESENTATIVE | M56: APPROVED BY
A62: NAME: | G62: NAME: | M62: NAME:
A63: DATE: | B63: =TODAY() | G63: DATE: | M63: DATE:

Sheet Finding Report
D1: PROVISION FOR MECHANICAL VALVE IN SITU PACKING REPLACEMENT, MECHANICAL VALVE OVERHAULING, AUTOMATIC RECIRCULATORY VALVE (ARV) SERVICING, AND MOV’S GEARBOX SERVICING FOR PCFS TA2025 | T1: ='Received Report'!T1
A13: FINDING REPORT
A15: CLIENT | D15: PETRONAS CHEMICALS FERTILISER SABAH SDN BHD
A16: PROJECT | D16: VALVE MAINTENANCE/REPAIR | I16: DOC NO | M16: =VLOOKUP($T1,Summary!$A$2:$AH$376,13,0)
A17: LOCATION | D17: SIPITANG SABAH | I17: SIZE INLET | M17: =VLOOKUP($T$1,Summary!$A$2:$AH$376,22,0) | N17: RATING | O17: =VLOOKUP($T$1,Summary!$A$2:$AH$376,26,0) | P17: INLET TYPE | R17: =VLOOKUP($T$1,Summary!$A$2:$AH$376,24,0)
A18: DATE IN | D18: =VLOOKUP($T$1,Summary!$A$2:$AH$376,11,0) | I18: SIZE OUTLET | M18: =VLOOKUP($T$1,Summary!$A$2:$AH$376,23,0) | N18: RATING | O18: =VLOOKUP($T$1,Summary!$A$2:$AH$376,27,0) | P18: OUTLET TYPE | R18: =VLOOKUP($T$1,Summary!$A$2:$AH$376,25,0)
A19: WO | D19: =VLOOKUP($T$1,Summary!$A$2:$AH$376,2,0) | I19: MANUFACTURER | M19: =VLOOKUP($T$1,Summary!$A$2:$AH$376,6,0)
A20: TAG NO | D20: =VLOOKUP($T$1,Summary!$A$2:$AH$376,9,0) | I20: TYPE OF VALVE | M20: =VLOOKUP($T$1,Summary!$A$2:$AH$376,5,0)
I21: VALVE OPERATED TYPE | M21: =VLOOKUP($T$1,Summary!$A$2:$AH$376,7,0)
A22: INSITU TESTING | D22: 0 | E22: SERVICE & REPAIR | I22: 0 | J22: TESTING ONLY | O22: REPLACE NEW VALVE | S22: 0
A23: AS RECEIVED VISUAL INSPECTION (EXTERNAL)
A24: DESCRIPTION | F24: CONDITION | I24: ACTION | N24: REMARK
A25: GENERAL APPEARANCE | F25: ='Received Report'!F47 | I25: TO REPLACE NEW | N25: NO SPARE KIT
A26: NAMEPLATE | F26: AVAILABLE | I26: TO BUILD UP & MACHINE | N26: NEED TO REPLACED
A27: OVERALL FLANGES/CONNECTION CONDT'N | F27: MISSING | I27: TO LAPPING | N27: NO SPARE KIT
A28: STEM | F28: NEW | I28: TO LAPPING | N28: NEED TO REPLACED
A29: VALVE BODY | F29: NEW | I29: N/A | N29: NEED TO REPLACED
A30: HANDWHEELS | F30: NOT APPLICABLE | I30: TO BUILD UP & MACHINE | N30: NO SPARE KIT
A31: VALVE BONNET | F31: IN PLACED | I31: CLEANING | N31: NO SPARE KIT
A32: YOKE | F32: DIRTY | I32: TO BUILD UP & MACHINE | N32: N/A
A33: BOLT NUT | F33: NEW | I33: TO REPLACE NEW | N33: BADLY DAMAGED
A34: INLET/OUTLET FLANGE | F34: OK | I34: N/A | N34: REUSEABLE
A35: GEAR BOX/ACTUATOR | F35: NOT AVAILABLE | I35: N/A | N35: N/A
A36: PRE-TEST (HYDROTEST/LEAKED TEST)
A37: TYPE OF TEST | G37: HYDROTEST | K37: TEST MEDIUM | O37: WATER
A38: DECRIPTION | G38: PRESSURE | K38: DURATION | O38: RESULT & REMARKS
A39: A | B39: SHELL | G39: 10 Bar | K39: 15 Minutes | O39: NO LEAK & ACCEPTED
A40: B | B40: BACKSEAT | G40: 10 Bar | K40: 15 Minutes | O40: NO LEAK & ACCEPTED
A41: C | B41: SEAT | G41: 10 Bar | K41: 15 Minutes | O41: NO LEAK & ACCEPTED
A42: TEST ACCORDANCE TO | G42: API 2000
A43: INTERNAL PARTS INSPECTION
A44: DESCRIPTION | F44: CONDITION | I44: ACTION | N44: REMARK
A45: BODY | F45: MAJOR SCRATCH | I45: NOT APPLICABLE | N45: N/A
A46: BONNET | F46: WORN OUT | I46: TO LAPPED | N46: NEED TO REPLACED
A47: YOKE | F47: WORN OUT | I47: TO LAPPED | N47: NO SPARE KIT
A48: DISC | F48: LOOSED | I48: NOT APPLICABLE | N48: NEED TO REPLACED
A49: SEAT | F49: NOT VISSIBLE | I49: CLEANING | N49: N/A
A50: BONNET GASKET | F50: MAJOR SCRATCH | I50: TO MACHINED | N50: N/A
A51: STEM | F51: LOOSED | I51: TO BUILD UP & MACHINE | N51: BADLY DAMAGED
A52: WHEEL NUT | F52: WORN OUT | I52: TO MACHINED | N52: N/A
A53: PACKING | F53: MINOR SCRATCH | I53: TO REPLACE NEW | N53: NEED TO REPLACED
A54: GLAND BUSHING | F54: NOT VISSIBLE | I54: TO LAPPED | N54: N/A
A55: BACK SEAT | F55: NOT AVAILABLE | I55: CLEANING | N55: NO SPARE KIT
A56: GLAND NUT | F56: LOOSED | I56: TO LAPPED | N56: NO SPARE KIT - REUSEABLE
A61: ADDITIONAL COMMENT
A69: DETAILS PICTURE/MAJOR DEFECT
A70: ITEM: | J70: FINDING | O70: PROPOSED ACTION
A80: ITEM: | J80: FINDING | O80: PROPOSED ACTION
A93: ITEM: | J93: FINDING | O93: PROPOSED ACTION
A106: PREPARED BY | G106: CLIENT REPRESENTATIVE | M106: APPROVED BY
A112: NAME: | G112: NAME: | M112: NAME:
A113: DATE: | B113: =TODAY() | G113: DATE: | M113: DATE:

Sheet Serviced Report
D1: PROVISION FOR MECHANICAL VALVE IN SITU PACKING REPLACEMENT, MECHANICAL VALVE OVERHAULING, AUTOMATIC RECIRCULATORY VALVE (ARV) SERVICING, AND MOV’S GEARBOX SERVICING FOR PCFS TA2025 | T1: ='Finding Report'!T1
A13: RECEIVED REPORT
A15: CLIENT | D15: PETRONAS CHEMICALS FERTILISER SABAH SDN BHD
A16: PROJECT | D16: VALVE MAINTENANCE/REPAIR | I16: DOC NO | M16: =VLOOKUP($T1,Summary!$A$2:$AH$376,13,0)
A17: LOCATION | D17: SIPITANG SABAH | I17: SIZE INLET | M17: =VLOOKUP($T$1,Summary!$A$2:$AH$376,22,0) | N17: RATING | O17: =VLOOKUP($T$1,Summary!$A$2:$AH$376,26,0) | P17: INLET TYPE | R17: =VLOOKUP($T$1,Summary!$A$2:$AH$376,24,0)
A18: DATE IN | D18: =VLOOKUP($T$1,Summary!$A$2:$AH$376,11,0) | I18: SIZE OUTLET | M18: =VLOOKUP($T$1,Summary!$A$2:$AH$376,23,0) | N18: RATING | O18: =VLOOKUP($T$1,Summary!$A$2:$AH$376,27,0) | P18: OUTLET TYPE | R18: =VLOOKUP($T$1,Summary!$A$2:$AH$376,25,0)
A19: WO | D19: =VLOOKUP($T$1,Summary!$A$2:$AH$376,2,0) | I19: MANUFACTURER | M19: =VLOOKUP($T$1,Summary!$A$2:$AH$376,6,0)
A20: TAG NO | D20: =VLOOKUP($T$1,Summary!$A$2:$AH$376,9,0) | I20: TYPE OF VALVE | M20: =VLOOKUP($T$1,Summary!$A$2:$AH$376,5,0)
I21: VALVE OPERATED TYPE | M21: =VLOOKUP($T$1,Summary!$A$2:$AH$376,7,0)
A22: INSITU TESTING | D22: 0 | E22: SERVICE & REPAIR | I22: 0 | J22: TESTING ONLY | O22: REPLACE NEW VALVE | S22: 0
A23: AS RECEIVED VISUAL INSPECTION
A24: DESCRIPTION | F24: CONDITION | I24: ACTION | N24: REMARK
A25: ='Finding Report'!A25 | F25: ='Received Report'!F43 | I25: ='Finding Report'!I25 | N25: SERVICED & CLEANED
A26: ='Finding Report'!A26 | F26: ='Received Report'!F44 | I26: ='Finding Report'!I26 | N26: N/A
A27: ='Finding Report'!A27 | F27: ='Finding Report'!F27 | I27: ='Finding Report'!I27 | N27: SERVICED & CLEANED
A28: ='Finding Report'!A28 | F28: ='Finding Report'!F28 | I28: ='Finding Report'!I28 | N28: N/A
A29: ='Finding Report'!A29 | F29: ='Finding Report'!F29 | I29: ='Finding Report'!I29 | N29: SERVICED & CLEANED
A30: ='Finding Report'!A30 | F30: ='Finding Report'!F30 | I30: ='Finding Report'!I30 | N30: N/A
A31: ='Finding Report'!A31 | F31: ='Finding Report'!F31 | I31: ='Finding Report'!I31 | N31: SERVICED & CLEANED
A32: ='Finding Report'!A32 | F32: ='Finding Report'!F32 | I32: ='Finding Report'!I32 | N32: NO SPARE
A33: ='Finding Report'!A33 | F33: ='Finding Report'!F33 | I33: ='Finding Report'!I33 | N33: NO SPARE
A34: ='Finding Report'!A35 | F34: ='Finding Report'!F35 | I34: ='Finding Report'!I35 | N34: SERVICED & CLEANED
A35: INTERNAL PARTS INSPECTION
A36: DESCRIPTION | F36: CONDITION | I36: ACTION | N36: REMARK
A37: ='Finding Report'!A45 | F37: ='Finding Report'!F45 | I37: ='Finding Report'!I45 | N37: N/A
A38: ='Finding Report'!A46 | F38: ='Finding Report'!F46 | I38: ='Finding Report'!I46 | N38: SERVICED & CLEANED
A39: ='Finding Report'!A47 | F39: ='Finding Report'!F47 | I39: ='Finding Report'!I47 | N39: SERVICED & CLEANED
A40: ='Finding Report'!A48 | F40: ='Finding Report'!F48 | I40: ='Finding Report'!I48 | N40: SERVICED & CLEANED
A41: ='Finding Report'!A49 | F41: ='Finding Report'!F49 | I41: ='Finding Report'!I49 | N41: SERVICED & CLEANED
A42: ='Finding Report'!A50 | F42: ='Finding Report'!F50 | I42: ='Finding Report'!I50 | N42: SERVICED & CLEANED
A43: ='Finding Report'!A51 | F43: ='Finding Report'!F51 | I43: ='Finding Report'!I51 | N43: SERVICED & CLEANED
A44: ='Finding Report'!A52 | F44: ='Finding Report'!F52 | I44: ='Finding Report'!I52 | N44: SERVICED & CLEANED
A45: ='Finding Report'!A53 | F45: ='Finding Report'!F53 | I45: ='Finding Report'!I53 | N45: REUSED
A46: ='Finding Report'!A54 | F46: ='Finding Report'!F54 | I46: ='Finding Report'!I54 | N46: MACHINED NEW
A47: ='Finding Report'!A55 | F47: ='Finding Report'!F55 | I47: ='Finding Report'!I55 | N47: SERVICED & CLEANED
A48: ='Finding Report'!A56 | F48: ='Finding Report'!F56 | I48: ='Finding Report'!I56 | N48: NEW
A49: ='Finding Report'!A57 | F49: ='Finding Report'!F57 | I49: ='Finding Report'!I57
A50: ='Finding Report'!A58 | F50: ='Finding Report'!F58 | I50: ='Finding Report'!I58
A51: ADDITIONAL COMMENT
A57: DETAILS PICTURE OF SERVICED ITEM
A58: ITEM: | O58: DESCRIPTION OF SERVICES
A69: ITEM: | O69: DESCRIPTION OF SERVICES
A79: ITEM: | O79: DESCRIPTION OF SERVICES
A94: ITEM: | O94: DESCRIPTION OF SERVICES
A109: PREPARED BY | G109: CLIENT REPRESENTATIVE | M109: APPROVED BY
A115: NAME: | G115: NAME: | M115: NAME:
A116: DATE: | B116: =TODAY() | G116: DATE: | M116: DATE:

Sheet Hydrotest Only
D1: PROVISION FOR MECHANICAL VALVE IN SITU PACKING REPLACEMENT, MECHANICAL VALVE OVERHAULING, AUTOMATIC RECIRCULATORY VALVE (ARV) SERVICING, AND MOV’S GEARBOX SERVICING FOR PCFS TA2025 | T1: ='Serviced Report'!T1
A13: RECEIVED REPORT
A15: CLIENT | D15: PETRONAS CHEMICALS FERTILISER SABAH SDN BHD
A16: PROJECT | D16: VALVE MAINTENANCE/REPAIR | I16: DOC NO | M16: =VLOOKUP($T1,Summary!$A$2:$AH$376,13,0)
A17: LOCATION | D17: SIPITANG SABAH | I17: SIZE INLET | M17: =VLOOKUP($T$1,Summary!$A$2:$AH$376,22,0) | N17: RATING | O17: =VLOOKUP($T$1,Summary!$A$2:$AH$376,26,0) | P17: INLET TYPE | R17: =VLOOKUP($T$1,Summary!$A$2:$AH$376,24,0)
A18: DATE IN | D18: =VLOOKUP($T$1,Summary!$A$2:$AH$376,11,0) | I18: SIZE OUTLET | M18: =VLOOKUP($T$1,Summary!$A$2:$AH$376,23,0) | N18: RATING | O18: =VLOOKUP($T$1,Summary!$A$2:$AH$376,27,0) | P18: OUTLET TYPE | R18: =VLOOKUP($T$1,Summary!$A$2:$AH$376,25,0)
A19: WO | D19: =VLOOKUP($T$1,Summary!$A$2:$AH$376,2,0) | I19: MANUFACTURER | M19: =VLOOKUP($T$1,Summary!$A$2:$AH$376,6,0)
A20: TAG NO | D20: =VLOOKUP($T$1,Summary!$A$2:$AH$376,9,0) | I20: TYPE OF VALVE | M20: =VLOOKUP($T$1,Summary!$A$2:$AH$376,5,0)
I21: VALVE OPERATED TYPE | M21: =VLOOKUP($T$1,Summary!$A$2:$AH$376,7,0)
A22: INSITU TESTING | D22: 0 | E22: SERVICE & REPAIR | I22: 0 | J22: TESTING ONLY | O22: REPLACE NEW VALVE | S22: 0
A23: AS RECEIVED VISUAL INSPECTION & SERVICES
A24: DESCRIPTION | F24: CONDITION | I24: ACTION | N24: REMARK
A25: ='Finding Report'!A25 | F25: ='Received Report'!F47 | I25: SAT ONLY | N25: OK
A26: ='Finding Report'!A26 | F26: ='Received Report'!F44 | I26: SAT ONLY | N26: OK
A27: ='Finding Report'!A27 | F27: ='Received Report'!F45 | I27: SAT ONLY | N27: OK
A28: ='Finding Report'!A28 | F28: ='Finding Report'!F28 | I28: SAT ONLY | N28: OK
A29: ='Finding Report'!A29 | F29: ='Finding Report'!F29 | I29: SAT ONLY | N29: OK
A30: ='Finding Report'!A30 | F30: ='Finding Report'!F30 | I30: SAT ONLY | N30: OK
A31: ='Finding Report'!A31 | F31: ='Finding Report'!F31 | I31: SAT ONLY | N31: OK
A32: ='Finding Report'!A32 | F32: ='Finding Report'!F32 | I32: SAT ONLY | N32: OK
A33: ='Finding Report'!A33 | F33: ='Finding Report'!F33 | I33: SAT ONLY | N33: OK
A34: ='Finding Report'!A35 | F34: ='Finding Report'!F35 | I34: SAT ONLY | N34: OK
A35: PRE-TEST (HYDROTEST/LEAKED TEST) - AS RECEIVED
A36: TYPE OF TEST | G36: ='Finding Report'!G37 | K36: TEST MEDIUM | O36: ='Finding Report'!O37
A37: DESCRIPTION | G37: PRESSURE | K37: DURATION | O37: RESULT & REMARKS
A38: A | B38: SHELL | G38: 150 BAR | K38: 1MIN | O38: NO LEAK/PRESSURE DROP-ACCEPTED
A39: B | B39: BACKSEAT | G39: 110 BAR | K39: 1MIN | O39: NO LEAK/PRESSURE DROP-ACCEPTED
A40: C | B40: SEAT A | G40: 110 BAR | K40: 1MIN | O40: NO LEAK/PRESSURE DROP-ACCEPTED
A41: D | B41: SEAT B | G41: 110 BAR | K41: 1MIN | O41: NO LEAK/PRESSURE DROP-ACCEPTED
A42: TEST ACCORDANCE TO | G42: API 598
A43: INTERNAL PARTS INSPECTION & SERVICES
A44: DESCRIPTION | F44: CONDITION | I44: ACTION | N44: REMARK
A45: ='Finding Report'!A45 | F45: NO SERVICING- SAT ONLY
A46: ='Finding Report'!A46
A47: ='Finding Report'!A47
A48: ='Finding Report'!A48
A49: ='Finding Report'!A49
A50: ='Finding Report'!A50
A51: ='Finding Report'!A51
A52: ='Finding Report'!A52
A53: ='Finding Report'!A53
A54: ='Finding Report'!A54
A55: ='Finding Report'!A55
A56: ='Finding Report'!A56
A57: ='Finding Report'!A57
A58: ='Finding Report'!A58
A60: ='Finding Report'!A59
A61: ='Finding Report'!A60
A62: FINAL TEST (HYDROTEST/LEAKED TEST) - AFTER SERVICING
A63: TYPE OF TEST | G63: HYDROTEST | K63: TEST MEDIUM | O63: WATER
A64: DECRIPTION | G64: PRESSURE | K64: DURATION | O64: RESULT & REMARKS
A65: A | B65: SHELL | G65: 11 bar | K65: 10 minutes | O65: NO LEAK & ACCEPTED
A66: B | B66: BACKSEAT | G66: 12 bar | K66: 120 minutes | O66: NO LEAK & ACCEPTED
A67: C | B67: SEAT A | G67: 13 bar | K67: 11 minutes | O67: NO LEAK & ACCEPTED
A68: D | B68: SEAT B | G68: N/A | K68: N/A | O68: NO LEAK & ACCEPTED
A69: TEST ACCORDANCE TO | G69: API 598
A70: COMMENTS AND RECOMMENDATION
B71: Testing Only on the new gate valve. Valve was found in a good condition. No leak or pressure drop during each test. Valve was accepted and ready to be install.
A80: PREPARED BY | G80: CLIENT REPRESENTATIVE | M80: APPROVED BY
A86: NAME: | G86: NAME: | M86: NAME:
A87: DATE: | B87: =TODAY() | G87: DATE: | M87: DATE:

Sheet Valve Cert
D1: PROVISION FOR MECHANICAL VALVE IN SITU PACKING REPLACEMENT, MECHANICAL VALVE OVERHAULING, AUTOMATIC RECIRCULATORY VALVE (ARV) SERVICING, AND MOV’S GEARBOX SERVICING FOR PCFS TA2025 | T1: ='Hydrotest Only'!T1
A13: RECEIVED REPORT
A15: CLIENT | D15: PETRONAS CHEMICALS FERTILISER SABAH SDN BHD
A16: PROJECT | D16: VALVE MAINTENANCE/REPAIR | I16: DOC NO | M16: =VLOOKUP($T1,Summary!$A$2:$AH$376,13,0)
A17: LOCATION | D17: SIPITANG SABAH | I17: SIZE INLET | M17: =VLOOKUP($T$1,Summary!$A$2:$AH$376,22,0) | N17: RATING | O17: =VLOOKUP($T$1,Summary!$A$2:$AH$376,26,0) | P17: INLET TYPE | R17: =VLOOKUP($T$1,Summary!$A$2:$AH$376,24,0)
A18: DATE IN | D18: =VLOOKUP($T$1,Summary!$A$2:$AH$376,11,0) | I18: SIZE OUTLET | M18: =VLOOKUP($T$1,Summary!$A$2:$AH$376,23,0) | N18: RATING | O18: =VLOOKUP($T$1,Summary!$A$2:$AH$376,27,0) | P18: OUTLET TYPE | R18: =VLOOKUP($T$1,Summary!$A$2:$AH$376,25,0)
A19: WO | D19: =VLOOKUP($T$1,Summary!$A$2:$AH$376,2,0) | I19: MANUFACTURER | M19: =VLOOKUP($T$1,Summary!$A$2:$AH$376,6,0)
A20: TAG NO | D20: =VLOOKUP($T$1,Summary!$A$2:$AH$376,9,0) | I20: TYPE OF VALVE | M20: =VLOOKUP($T$1,Summary!$A$2:$AH$376,5,0) | V20: SER
I21: VALVE OPERATED TYPE | M21: =VLOOKUP($T$1,Summary!$A$2:$AH$376,7,0)
A22: INSITU TESTING | D22: 0 | E22: SERVICE & REPAIR | I22: 0 | J22: OVERHAUL | O22: REPLACE NEW VALVE | S22: 0
A23: AS RECEIVED VISUAL INSPECTION & SERVICES
A24: DESCRIPTION | F24: CONDITION | I24: ACTION | N24: REMARK
A25: ='Finding Report'!A25 | F25: ='Received Report'!F47 | I25: ='Finding Report'!I25 | N25: ='Serviced Report'!N25
A26: ='Finding Report'!A26 | F26: ='Received Report'!F44 | I26: ='Finding Report'!I26 | N26: ='Serviced Report'!N26
A27: ='Finding Report'!A27 | F27: ='Received Report'!F45 | I27: ='Finding Report'!I27 | N27: ='Serviced Report'!N27
A28: ='Finding Report'!A28 | F28: ='Finding Report'!F28 | I28: ='Finding Report'!I28 | N28: ='Serviced Report'!N28
A29: ='Finding Report'!A29 | F29: ='Finding Report'!F29 | I29: ='Finding Report'!I29 | N29: ='Serviced Report'!N29
A30: ='Finding Report'!A30 | F30: ='Finding Report'!F30 | I30: ='Finding Report'!I30 | N30: ='Serviced Report'!N30
A31: ='Finding Report'!A31 | F31: ='Finding Report'!F31 | I31: ='Finding Report'!I31 | N31: ='Serviced Report'!N31
A32: ='Finding Report'!A32 | F32: ='Finding Report'!F32 | I32: ='Finding Report'!I32 | N32: ='Serviced Report'!N32
A33: ='Finding Report'!A33 | F33: ='Finding Report'!F33 | I33: ='Finding Report'!I33 | N33: ='Serviced Report'!N33
A34: ='Finding Report'!A35 | F34: ='Finding Report'!F35 | I34: ='Finding Report'!I35 | N34: ='Serviced Report'!N34
A35: PRE-TEST (HYDROTEST/LEAKED TEST) - AS RECEIVED
A36: TYPE OF TEST | G36: ='Finding Report'!G37 | K36: TEST MEDIUM | O36: ='Finding Report'!O37
A37: DESCRIPTION | G37: PRESSURE | K37: DURATION | O37: RESULT & REMARKS
A38: A | B38: SHELL | G38: ='Finding Report'!G39 | K38: ='Finding Report'!K39 | O38: ='Finding Report'!O39
A39: B | B39: BACKSEAT | G39: ='Finding Report'!G40 | K39: ='Finding Report'!K40 | O39: ='Finding Report'!O40
A40: C | B40: SEAT | G40: ='Finding Report'!G41 | K40: ='Finding Report'!K41 | O40: ='Finding Report'!O41
A41: TEST ACCORDANCE TO | G41: API 2000
A42: INTERNAL PARTS INSPECTION & SERVICES
A43: DESCRIPTION | F43: CONDITION | I43: ACTION | N43: REMARK
A44: ='Finding Report'!A45 | F44: ='Finding Report'!F45 | I44: ='Finding Report'!I45 | N44: ='Serviced Report'!N37
A45: ='Finding Report'!A46 | F45: ='Finding Report'!F46 | I45: ='Finding Report'!I46 | N45: ='Serviced Report'!N38
A46: ='Finding Report'!A47 | F46: ='Finding Report'!F47 | I46: ='Finding Report'!I47 | N46: ='Serviced Report'!N39
A47: ='Finding Report'!A48 | F47: ='Finding Report'!F48 | I47: ='Finding Report'!I48 | N47: ='Serviced Report'!N40
A48: ='Finding Report'!A49 | F48: ='Finding Report'!F49 | I48: ='Finding Report'!I49 | N48: ='Serviced Report'!N41
A49: ='Finding Report'!A50 | F49: ='Finding Report'!F50 | I49: ='Finding Report'!I50 | N49: ='Serviced Report'!N42
A50: ='Finding Report'!A51 | F50: ='Finding Report'!F51 | I50: ='Finding Report'!I51 | N50: ='Serviced Report'!N43
A51: ='Finding Report'!A52 | F51: ='Finding Report'!F52 | I51: ='Finding Report'!I52 | N51: ='Serviced Report'!N44
A52: ='Finding Report'!A53 | F52: ='Finding Report'!F53 | I52: ='Finding Report'!I53 | N52: ='Serviced Report'!N45
A53: ='Finding Report'!A54 | F53: ='Finding Report'!F54 | I53: ='Finding Report'!I54 | N53: ='Serviced Report'!N46
A54: ='Finding Report'!A55 | F54: ='Finding Report'!F55 | I54: ='Finding Report'!I55 | N54: ='Serviced Report'!N47
A55: ='Finding Report'!A56 | F55: ='Finding Report'!F56 | I55: ='Finding Report'!I56 | N55: ='Serviced Report'!N48
A56: ='Finding Report'!A57 | F56: ='Finding Report'!F57 | I56: ='Finding Report'!I57
A57: ='Finding Report'!A58 | F57: ='Finding Report'!F58 | I57: ='Finding Report'!I58
A59: ='Finding Report'!A59 | F59: ='Finding Report'!F59 | I59: ='Finding Report'!I59
A60: ='Finding Report'!A60 | F60: ='Finding Report'!F60 | I60: ='Finding Report'!I60
A61: FINAL TEST (HYDROTEST/LEAKED TEST) - AFTER SERVICING
A62: TYPE OF TEST | G62: HYDROTEST | K62: TEST MEDIUM | O62: WATER
A63: DESCRIPTION | G63: PRESSURE | K63: DURATION | O63: RESULT & REMARKS
A64: A | B64: SHELL | G64: ='Hydrotest Only'!G65 | K64: ='Hydrotest Only'!K65 | O64: NO LEAK & ACCEPTED
A65: B | B65: BACKSEAT | G65: ='Hydrotest Only'!G66 | K65: ='Hydrotest Only'!K66 | O65: NO LEAK & ACCEPTED
A66: C | B66: SEAT | G66: ='Hydrotest Only'!G67 | K66: ='Hydrotest Only'!K67 | O66: NO LEAK & ACCEPTED
A67: TEST ACCORDANCE TO
A68: COMMENTS AND RECOMMENDATION
A80: PREPARED BY | G80: CLIENT REPRESENTATIVE | M80: APPROVED BY
A86: NAME: | G86: NAME: | M86: NAME:
A87: DATE: | B87: =TODAY() | G87: DATE: | M87: DATE:

Sheet Valve Repacking Checklist
C1: XX TURNAROUND XX | R1: 8
C3: Checklist for QC-MST-Valve Repacking
A6: Equipment Tag No. | C6: =VLOOKUP(R1,Summary!A1:AH376,9,0) | E6: Work ID | G6: =VLOOKUP(R1,Summary!A1:AH376,2,0) | J6: Contractor | L6: LENOG SDN BHD | O6: Date | P6: =TODAY()
A8: Work Description | C8: =VLOOKUP(R1,Summary!A1:AH376,12,0)
A10: QUALITY CHECKS
A13: No. | B13: Action | K13: Accepted | M13: NA | N13: Remarks
A15: 1 | B15: Packing of gland
B17: a) Ensure size, material of packing is correct per specification/datasheet
B19: b) Visually inspect stem & stuffing box condition and free from defect
B21: c) Measure existing gland nut (ensure number of thread similar before and after)
B23: d) Cleanliness of the stuffing box accepted
B25: e) Ensure adequacy of packing is correct
B27: f) Tighten gland nut (ensure number of thread similar before and after)
A29: Checked by: Name :____________________ Designation : QC Contractor Date :____________________ | K29: Accepted by: Name :____________________ Designation : Area Engineer Date :____________________
A31: Checked by: | J31: Checked by:
A35: Name: | J35: Name:
A37: Designation: QC Contractor | J37: Designation: Area Engineer
A39: Date: | J39: Date:

Sheet Valve Overhaul Checklist
C1: XX TURNAROUND XX Turnaround and Maintenance Works Quality Control | Q1: 1
C6: Checklist for QC-MST-Valve Overhaul
A8: Equipment Tag No. | C8: =VLOOKUP(Q1,Summary!A1:AH376,9,0) | E8: Work ID | G8: =VLOOKUP(Q1,Summary!A1:AH376,2,0) | J8: Contractor | L8: LENOG SDN BHD | N8: Date | O8: =TODAY()
A9: Work Description | C9: =VLOOKUP(Q1,Summary!A1:AH376,12,0)
A10: QUALITY CHECKS
A11: No. | B11: Action | J11: Accepted | K11: Not Accepted | L11: NA | M11: Remarks
B12: Preparation
A13: 1 | B13: Valve assembly as per drawing
A14: 2 | B14: Spare parts kit as per list/drawing (if applicable)
B15: Servicing/overhaul
A16: 3 | B16: Valve Removal
B17: Installation
A18: 4 | B18: Valve flow direction (applicable to globe and check valve)
A19: 5 | B19: Packing of gland
B20: a) Size of packing
B21: b) Type/material of packing
B22: c) Joint design
B23: e) Cleanliness of the stuffing box
A24: 6 | B24: Bonnet
B25: a) Material and size of bonnet gasket
B26: b) Controlled bolting (if applicable)
A27: 7 | B27: Replacement/repair of valve trim:
B28: a) Welding rod for tack welding : ___________
B29: b) Post machining dimensions of trim parts are within tolerance
B30: c) Fitting of trim parts
A31: 8 | B31: Seat Leakage Test
A32: 9 | B32: Body Leak Test
A33: AS LEFT TEST
A35: No. | B35: Item | J35: Accepted | K35: Not Accepted | L35: NA | M35: Remarks
A36: 1 | B36: Type : Ball / Globe / Butterfly / Other :__________ | M36: Refer HT reports No:
A37: 2 | B37: Size/Rating : __________ | M37: Refer HT reports No:
A38: 3 | B38: Medium : __________ | M38: Refer HT reports No:
A39: 4 | B39: Test Pressure (bar) : __________ | M39: Refer HT reports No:
A40: 5 | B40: Holding Time :__________ | M40: Refer HT reports No:
A41: 6 | B41: Allowable leakage (L/Min) :__________ | M41: Refer HT reports No:
A42: 7 | B42: Actual leakage (L/Min) :__________ | M42: Refer HT reports No:
A44: Checked by: Name :____________________ Designation : QC Inspector Date :____________________ | I44: Accepted by : Name :____________________ Designation : Area Engineer Date :____________________
A45: Checked by: | J45: Checked by:
A47: Name: | J47: Name:
A48: Designation: QC Contractor | J48: Designation: Area Engineer
A49: Date: | J49: Date:

Sheet Tagging
L1: 5 | M1: 6 | N1: 7 | O1: 8
A6: Work Order | C6: =IF(VLOOKUP($L$1,Summary!$A$2:$AK$600,2,0)= 0,"", VLOOKUP($L$1,Summary!$A$2:$AK$600,2,0)) | G6: Work Order | I6: =IF(VLOOKUP($M$1,Summary!$A$2:$AK$600,2,0)= 0,"", VLOOKUP($M$1,Summary!$A$2:$AK$600,2,0))
N7: 2
N8: 10
A9: Tag Number | C9: =IF(VLOOKUP($L$1,Summary!$A$2:$AK$600,10,0)= 0,"", VLOOKUP($L$1,Summary!$A$2:$AK$600,10,0)) | G9: Tag Number | I9: =IF(VLOOKUP($M$1,Summary!$A$2:$AK$600,10,0)= 0,"", VLOOKUP($M$1,Summary!$A$2:$AK$600,10,0)) | N9: 4
N10: 5
N11: 6
A12: Area | C12: =IF(VLOOKUP($L$1,Summary!$A$2:$AK$600,4,0)= 0,"", VLOOKUP($L$1,Summary!$A$2:$AK$600,4,0)) | G12: Area | I12: =IF(VLOOKUP($M$1,Summary!$A$2:$AK$600,4,0)= 0,"", VLOOKUP($M$1,Summary!$A$2:$AK$600,4,0)) | N12: 23
N13: 13
A15: Unit | C15: =IF(VLOOKUP($L$1,Summary!$A$2:$AK$600,5,0)=0,"",VLOOKUP($L$1,Summary!$A$2:$AK$600,5,0)) | G15: Unit | I15: =IF(VLOOKUP($M$1,Summary!$A$2:$AK$600,5,0)= 0,"", VLOOKUP($M$1,Summary!$A$2:$AK$600,5,0))
A18: Valve Type | C18: =IF(VLOOKUP($L$1,Summary!$A$2:$AK$600,6,0)= 0,"", VLOOKUP($L$1,Summary!$A$2:$AK$600,6,0)) | G18: Valve Type | I18: =IF(VLOOKUP($M$1,Summary!$A$2:$AK$600,6,0)= 0,"", VLOOKUP($M$1,Summary!$A$2:$AK$600,6,0))
A21: Size | C21: =IF(VLOOKUP($L$1,Summary!$A$2:$AK$600,23,0)= 0,"", VLOOKUP($L$1,Summary!$A$2:$AK$600,23,0)) | G21: Size | I21: =IF(VLOOKUP($M$1,Summary!$A$2:$AK$600,23,0)= 0,"", VLOOKUP($M$1,Summary!$A$2:$AK$600,23,0))
A24: Service Type | C24: =IF(VLOOKUP($L$1,Summary!$A$2:$AK$600,13,0)= 0,"", VLOOKUP($L$1,Summary!$A$2:$AK$600,13,0)) | G24: Service Type | I24: =IF(VLOOKUP($M$1,Summary!$A$2:$AK$600,13,0)= 0,"", VLOOKUP($M$1,Summary!$A$2:$AK$600,13,0))
A32: Work Order | C32: =IF(VLOOKUP($N$1,Summary!$A$2:$AK$600,2,0)= 0,"", VLOOKUP($N$1,Summary!$A$2:$AK$600,2,0)) | G32: Work Order | I32: =IF(VLOOKUP($O$1,Summary!$A$2:$AK$600,2,0)= 0,"", VLOOKUP($O$1,Summary!$A$2:$AK$600,2,0))
A35: Tag Number | C35: =IF(VLOOKUP($N$1,Summary!$A$2:$AK$600,10,0)= 0,"", VLOOKUP($N$1,Summary!$A$2:$AK$600,10,0)) | G35: Tag Number | I35: =IF(VLOOKUP($O$1,Summary!$A$2:$AK$600,10,0)= 0,"", VLOOKUP($O$1,Summary!$A$2:$AK$600,10,0))
A38: Area | C38: =IF(VLOOKUP($N$1,Summary!$A$2:$AK$600,4,0)= 0,"", VLOOKUP($N$1,Summary!$A$2:$AK$600,4,0)) | G38: Area | I38: =IF(VLOOKUP($O$1,Summary!$A$2:$AK$600,4,0)= 0,"", VLOOKUP($O$1,Summary!$A$2:$AK$600,4,0)) | M38: 2
M39: 10
M40: 4
A41: Unit | C41: =IF(VLOOKUP($N$1,Summary!$A$2:$AK$600,5,0)= 0,"", VLOOKUP($N$1,Summary!$A$2:$AK$600,5,0)) | G41: Unit | I41: =IF(VLOOKUP($O$1,Summary!$A$2:$AK$600,5,0)= 0,"", VLOOKUP($O$1,Summary!$A$2:$AK$600,5,0)) | M41: 5
M42: 6
M43: 23
A44: Valve Type | C44: =IF(VLOOKUP($N$1,Summary!$A$2:$AK$600,6,0)= 0,"", VLOOKUP($N$1,Summary!$A$2:$AK$600,6,0)) | G44: Valve Type | I44: =IF(VLOOKUP($O$1,Summary!$A$2:$AK$600,6,0)= 0,"", VLOOKUP($O$1,Summary!$A$2:$AK$600,6,0)) | M44: 13
A47: Size | C47: =IF(VLOOKUP($N$1,Summary!$A$2:$AK$600,23,0)= 0,"", VLOOKUP($N$1,Summary!$A$2:$AK$600,23,0)) | G47: Size | I47: =IF(VLOOKUP($O$1,Summary!$A$2:$AK$600,23,0)= 0,"", VLOOKUP($O$1,Summary!$A$2:$AK$600,23,0))
A50: Service Type | C50: =IF(VLOOKUP($N$1,Summary!$A$2:$AK$600,13,0)= 0,"", VLOOKUP($N$1,Summary!$A$2:$AK$600,13,0)) | G50: Service Type | I50: =IF(VLOOKUP($O$1,Summary!$A$2:$AK$600,13,0)= 0,"", VLOOKUP($O$1,Summary!$A$2:$AK$600,13,0))
